{
    "loss": 4.135365962982178,
    "accuracy": 0.5833333134651184
}